{"cameraMode":{"drawMode":0,"name":"Shaded","section":"Shading Mode"},"sceneLighting":false,"audioPlay":false,"sceneViewState":{"showFog":true,"showMaterialUpdate":false,"showSkybox":false,"showFlares":true,"showImageEffects":true,"showParticleSystems":true},"in2DMode":false,"pivot":{"x":0.0,"y":2.1649999618530275,"z":0.02600005269050598},"rotation":{"x":-0.2085188627243042,"y":0.20280611515045167,"z":-0.04424746334552765,"w":-0.9557362794876099},"size":2.9379143714904787,"orthographic":false}